{"adj_matrix": [[0, 0, 0, 0, 0, 0, 0, 0, 0, 0, 0, 0, 0, 0, 0], [0, 0, 1, 1, 0, 0, 1, 1, 1, 1, 1, 1, 1, 0, 0], [0, 1, 0, 1, 0, 0, 1, 1, 1, 1, 1, 1, 1, 0, 0], [0, 1, 1, 0, 0, 0, 1, 1, 1, 1, 1, 1, 1, 0, 0], [0, 0, 0, 0, 0, 0, 0, 0, 0, 0, 0, 0, 0, 0, 0], [0, 0, 0, 0, 0, 0, 0, 0, 0, 0, 0, 0, 0, 0, 0], [0, 1, 1, 1, 0, 0, 0, 1, 1, 1, 1, 1, 1, 0, 0], [0, 1, 1, 1, 0, 0, 1, 0, 1, 1, 1, 1, 1, 0, 0], [0, 1, 1, 1, 0, 0, 1, 1, 0, 1, 1, 1, 1, 0, 0], [0, 1, 1, 1, 0, 0, 1, 1, 1, 0, 1, 1, 1, 0, 0], [0, 1, 1, 1, 0, 0, 1, 1, 1, 1, 0, 1, 1, 0, 0], [0, 1, 1, 1, 0, 0, 1, 1, 1, 1, 1, 0, 1, 0, 0], [0, 1, 1, 1, 0, 0, 1, 1, 1, 1, 1, 1, 0, 0, 0], [0, 0, 0, 0, 0, 0, 0, 0, 0, 0, 0, 0, 0, 0, 0], [0, 0, 0, 0, 0, 0, 0, 0, 0, 0, 0, 0, 0, 0, 0]], "metrics": {"0": {"is_active": 1, "avg_power_per_operation": 0.67290129364841, "avg_energy_consumption": 9.862724395256121, "idle_interface_energy": 0.16776962630372982, "tx_packets": 4844, "tx_bytes": 3363376, "rx_packets": 4844, "rx_bytes": 3363376, "lost_on_send": 9688, "lost_on_receive": 0, "expected_packets": {"high_priority": 41, "medium_priority": 11, "low_priority": 2}, "active_interfaces": 7, "graph_metrics": {"betweenness_centrality": {"original": 0.0, "current": 0.0}, "degree_centrality": {"original": 0.42857142857142855, "current": 0.42857142857142855}, "clustering_coefficient": {"original": 1.0, "current": 1.0}, "eigenvector_centrality": {"original": 0, "current": 0}, "is_articulation_point": {"original": false, "current": false}}}, "1": {"is_active": 1, "avg_power_per_operation": 0.7788610073715109, "avg_energy_consumption": 17.421208517135476, "idle_interface_energy": 0.4429293714410787, "tx_packets": 4892, "tx_bytes": 3331888, "rx_packets": 4892, "rx_bytes": 3331888, "lost_on_send": 8478, "lost_on_receive": 0, "expected_packets": {"high_priority": 22, "medium_priority": 5, "low_priority": 19}, "active_interfaces": 8, "graph_metrics": {"betweenness_centrality": {"original": 0.0, "current": 0.0}, "degree_centrality": {"original": 0.42857142857142855, "current": 0.42857142857142855}, "clustering_coefficient": {"original": 1.0, "current": 1.0}, "eigenvector_centrality": {"original": 0, "current": 0}, "is_articulation_point": {"original": false, "current": false}}}, "2": {"is_active": 1, "avg_power_per_operation": 1.1660591726842209, "avg_energy_consumption": 18.948320465535105, "idle_interface_energy": 0.27657605021735265, "tx_packets": 5883, "tx_bytes": 4067292, "rx_packets": 5883, "rx_bytes": 4067292, "lost_on_send": 11766, "lost_on_receive": 0, "expected_packets": {"high_priority": 32, "medium_priority": 28, "low_priority": 8}, "active_interfaces": 1, "graph_metrics": {"betweenness_centrality": {"original": 0.0, "current": 0.0}, "degree_centrality": {"original": 0.0, "current": 0.0}, "clustering_coefficient": {"original": 0, "current": 0}, "eigenvector_centrality": {"original": 0, "current": 0}, "is_articulation_point": {"original": false, "current": false}}}, "3": {"is_active": 1, "avg_power_per_operation": 1.8832188971342745, "avg_energy_consumption": 9.113655636940498, "idle_interface_energy": 0.300651853853201, "tx_packets": 5767, "tx_bytes": 4037084, "rx_packets": 5767, "rx_bytes": 4037084, "lost_on_send": 10560, "lost_on_receive": 0, "expected_packets": {"high_priority": 42, "medium_priority": 27, "low_priority": 1}, "active_interfaces": 8, "graph_metrics": {"betweenness_centrality": {"original": 0.0, "current": 0.0}, "degree_centrality": {"original": 0.42857142857142855, "current": 0.42857142857142855}, "clustering_coefficient": {"original": 1.0, "current": 1.0}, "eigenvector_centrality": {"original": 0, "current": 0}, "is_articulation_point": {"original": false, "current": false}}}, "4": {"is_active": 1, "avg_power_per_operation": 1.2224808230306565, "avg_energy_consumption": 16.40579078394152, "idle_interface_energy": 0.3758367812978676, "tx_packets": 6386, "tx_bytes": 4709728, "rx_packets": 6386, "rx_bytes": 4709728, "lost_on_send": 12772, "lost_on_receive": 0, "expected_packets": {"high_priority": 33, "medium_priority": 24, "low_priority": 13}, "active_interfaces": 8, "graph_metrics": {"betweenness_centrality": {"original": 0.0, "current": 0.0}, "degree_centrality": {"original": 0.42857142857142855, "current": 0.42857142857142855}, "clustering_coefficient": {"original": 1.0, "current": 1.0}, "eigenvector_centrality": {"original": 0, "current": 0}, "is_articulation_point": {"original": false, "current": false}}}, "5": {"is_active": 1, "avg_power_per_operation": 1.7766486824620011, "avg_energy_consumption": 17.930447493142605, "idle_interface_energy": 0.30826516757513284, "tx_packets": 5345, "tx_bytes": 3810652, "rx_packets": 5345, "rx_bytes": 3810652, "lost_on_send": 10690, "lost_on_receive": 0, "expected_packets": {"high_priority": 21, "medium_priority": 13, "low_priority": 18}, "active_interfaces": 2, "graph_metrics": {"betweenness_centrality": {"original": 0.0, "current": 0.0}, "degree_centrality": {"original": 0.0, "current": 0.0}, "clustering_coefficient": {"original": 0, "current": 0}, "eigenvector_centrality": {"original": 0, "current": 0}, "is_articulation_point": {"original": false, "current": false}}}, "6": {"is_active": 1, "avg_power_per_operation": 0.7184108958986535, "avg_energy_consumption": 6.414026158753131, "idle_interface_energy": 0.15468675670312837, "tx_packets": 4967, "tx_bytes": 3613660, "rx_packets": 4967, "rx_bytes": 3613660, "lost_on_send": 8864, "lost_on_receive": 0, "expected_packets": {"high_priority": 24, "medium_priority": 25, "low_priority": 14}, "active_interfaces": 8, "graph_metrics": {"betweenness_centrality": {"original": 0.0, "current": 0.0}, "degree_centrality": {"original": 0.42857142857142855, "current": 0.42857142857142855}, "clustering_coefficient": {"original": 1.0, "current": 1.0}, "eigenvector_centrality": {"original": 0, "current": 0}, "is_articulation_point": {"original": false, "current": false}}}, "7": {"is_active": 1, "avg_power_per_operation": 1.67307397575832, "avg_energy_consumption": 10.238071097596169, "idle_interface_energy": 0.16973144189712097, "tx_packets": 5142, "tx_bytes": 3710120, "rx_packets": 5142, "rx_bytes": 3710120, "lost_on_send": 10284, "lost_on_receive": 0, "expected_packets": {"high_priority": 20, "medium_priority": 11, "low_priority": 3}, "active_interfaces": 7, "graph_metrics": {"betweenness_centrality": {"original": 0.0, "current": 0.0}, "degree_centrality": {"original": 0.42857142857142855, "current": 0.42857142857142855}, "clustering_coefficient": {"original": 1.0, "current": 1.0}, "eigenvector_centrality": {"original": 0, "current": 0}, "is_articulation_point": {"original": false, "current": false}}}, "8": {"is_active": 1, "avg_power_per_operation": 1.810899539539667, "avg_energy_consumption": 12.47401557387523, "idle_interface_energy": 0.4439355213180371, "tx_packets": 4648, "tx_bytes": 3181240, "rx_packets": 4648, "rx_bytes": 3181240, "lost_on_send": 9296, "lost_on_receive": 0, "expected_packets": {"high_priority": 18, "medium_priority": 19, "low_priority": 19}, "active_interfaces": 1, "graph_metrics": {"betweenness_centrality": {"original": 0.0, "current": 0.0}, "degree_centrality": {"original": 0.0, "current": 0.0}, "clustering_coefficient": {"original": 0, "current": 0}, "eigenvector_centrality": {"original": 0, "current": 0}, "is_articulation_point": {"original": false, "current": false}}}, "9": {"is_active": 1, "avg_power_per_operation": 0.5300994031083629, "avg_energy_consumption": 15.988227034121373, "idle_interface_energy": 0.4375826981651516, "tx_packets": 6752, "tx_bytes": 4934536, "rx_packets": 6752, "rx_bytes": 4934536, "lost_on_send": 13504, "lost_on_receive": 0, "expected_packets": {"high_priority": 29, "medium_priority": 6, "low_priority": 2}, "active_interfaces": 2, "graph_metrics": {"betweenness_centrality": {"original": 0.0, "current": 0.0}, "degree_centrality": {"original": 0.0, "current": 0.0}, "clustering_coefficient": {"original": 0, "current": 0}, "eigenvector_centrality": {"original": 0, "current": 0},